MySQL Shell 8.0.12

Copyright (c) 2016, 2018, Oracle and/or its affiliates. All rights reserved.

Oracle is a registered trademark of Oracle Corporation and/or its
affiliates. Other names may be trademarks of their respective
owners.

Type '\help' or '\?' for help; '\quit' to exit.


 MySQL  JS > \sql
Switching to SQL mode... Commands end with ;

 MySQL  SQL > \connect -c root@localhost
The -c option is deprecated, please use --mysql or -mc instead
Creating a Classic session to 'root@localhost'
Please provide the password for 'root@localhost': ****
Save password for 'root@localhost:3306'? [Y]es/[N]o/Ne[v]er (default No): Y
Fetching schema names for autocompletion... Press ^C to stop.
Your MySQL connection id is 6
Server version: 5.5.61 MySQL Community Server (GPL)
No default schema selected; type \use <schema> to set one.

 MySQL  localhost:3306  SQL > show databases
                          ... ;
+--------------------+
| Database           |
+--------------------+
| information_schema |
| mysql              |
| northwind          |
| performance_schema |
| sakila             |
| test               |
| world              |
+--------------------+
7 rows in set (0.0007 sec)

 MySQL  localhost:3306  SQL > \use northwind
Default schema set to `northwind`.
Fetching table and column names from `northwind` for auto-completion... Press ^C to stop.

 MySQL  localhost:3306  northwind  SQL > show tables
                                     ... ;
+-----------------------------+
| Tables_in_northwind         |
+-----------------------------+
| customers                   |
| employee_privileges         |
| employees                   |
| inventory_transaction_types |
| order_details               |
| order_details_status        |
| orders_status               |
| orders_tax_status           |
| privileges                  |
| products                    |
| purchase_order_details      |
| purchase_order_status       |
| sales_reports               |
| shippers                    |
| strings                     |
| suppliers                   |
+-----------------------------+
16 rows in set (0.0005 sec)

 MySQL  localhost:3306  northwind  SQL > select *from order_details;
Empty set (0.0003 sec)

 MySQL  localhost:3306  northwind  SQL > show databases
                                     ... ;
+--------------------+
| Database           |
+--------------------+
| information_schema |
| mysql              |
| northwind          |
| performance_schema |
| sakila             |
| test               |
| world              |
+--------------------+
7 rows in set (0.0008 sec)

 MySQL  localhost:3306  northwind  SQL > \use sakila
Default schema set to `sakila`.
Fetching table and column names from `sakila` for auto-completion... Press ^C to stop.

 MySQL  localhost:3306  sakila  SQL > select *from order_details;
ERROR: 1146 (42S02): Table 'sakila.order_details' doesn't exist

 MySQL  localhost:3306  sakila  SQL > select * from order_details;
ERROR: 1146 (42S02): Table 'sakila.order_details' doesn't exist

 MySQL  localhost:3306  sakila  SQL > show tables
                                  ... ;
+----------------------------+
| Tables_in_sakila           |
+----------------------------+
| actor                      |
| actor_info                 |
| address                    |
| category                   |
| city                       |
| country                    |
| customer                   |
| customer_list              |
| film                       |
| film_actor                 |
| film_category              |
| film_list                  |
| inventory                  |
| language                   |
| nicer_but_slower_film_list |
| payment                    |
| rental                     |
| sales_by_film_category     |
| sales_by_store             |
| staff                      |
| staff_list                 |
| store                      |
+----------------------------+
22 rows in set (0.0005 sec)

 MySQL  localhost:3306  sakila  SQL > select * from order_actor;
ERROR: 1146 (42S02): Table 'sakila.order_actor' doesn't exist

 MySQL  localhost:3306  sakila  SQL > desc actor;
+-------------+----------------------+------+-----+-------------------+-----------------------------+
| Field       | Type                 | Null | Key | Default           | Extra                       |
+-------------+----------------------+------+-----+-------------------+-----------------------------+
| actor_id    | smallint(5) unsigned | NO   | PRI | NULL              | auto_increment              |
| first_name  | varchar(45)          | NO   |     | NULL              |                             |
| last_name   | varchar(45)          | NO   | MUL | NULL              |                             |
| last_update | timestamp            | NO   |     | CURRENT_TIMESTAMP | on update CURRENT_TIMESTAMP |
+-------------+----------------------+------+-----+-------------------+-----------------------------+
4 rows in set (0.0045 sec)

 MySQL  localhost:3306  sakila  SQL > desc customer;
+-------------+----------------------+------+-----+-------------------+-----------------------------+
| Field       | Type                 | Null | Key | Default           | Extra                       |
+-------------+----------------------+------+-----+-------------------+-----------------------------+
| customer_id | smallint(5) unsigned | NO   | PRI | NULL              | auto_increment              |
| store_id    | tinyint(3) unsigned  | NO   | MUL | NULL              |                             |
| first_name  | varchar(45)          | NO   |     | NULL              |                             |
| last_name   | varchar(45)          | NO   | MUL | NULL              |                             |
| email       | varchar(50)          | YES  |     | NULL              |                             |
| address_id  | smallint(5) unsigned | NO   | MUL | NULL              |                             |
| active      | tinyint(1)           | NO   |     | 1                 |                             |
| create_date | datetime             | NO   |     | NULL              |                             |
| last_update | timestamp            | NO   |     | CURRENT_TIMESTAMP | on update CURRENT_TIMESTAMP |
+-------------+----------------------+------+-----+-------------------+-----------------------------+
9 rows in set (0.0046 sec)

 MySQL  localhost:3306  sakila  SQL > desc staff;
+-------------+----------------------+------+-----+-------------------+-----------------------------+
| Field       | Type                 | Null | Key | Default           | Extra                       |
+-------------+----------------------+------+-----+-------------------+-----------------------------+
| staff_id    | tinyint(3) unsigned  | NO   | PRI | NULL              | auto_increment              |
| first_name  | varchar(45)          | NO   |     | NULL              |                             |
| last_name   | varchar(45)          | NO   |     | NULL              |                             |
| address_id  | smallint(5) unsigned | NO   | MUL | NULL              |                             |
| picture     | blob                 | YES  |     | NULL              |                             |
| email       | varchar(50)          | YES  |     | NULL              |                             |
| store_id    | tinyint(3) unsigned  | NO   | MUL | NULL              |                             |
| active      | tinyint(1)           | NO   |     | 1                 |                             |
| username    | varchar(16)          | NO   |     | NULL              |                             |
| password    | varchar(40)          | YES  |     | NULL              |                             |
| last_update | timestamp            | NO   |     | CURRENT_TIMESTAMP | on update CURRENT_TIMESTAMP |
+-------------+----------------------+------+-----+-------------------+-----------------------------+
11 rows in set (0.0041 sec)

 MySQL  localhost:3306  sakila  SQL > select first_name, last_name from actor;
+-------------+--------------+
| first_name  | last_name    |
+-------------+--------------+
| PENELOPE    | GUINESS      |
| NICK        | WAHLBERG     |
| ED          | CHASE        |
| JENNIFER    | DAVIS        |
| JOHNNY      | LOLLOBRIGIDA |
| BETTE       | NICHOLSON    |
| GRACE       | MOSTEL       |
| MATTHEW     | JOHANSSON    |
| JOE         | SWANK        |
| CHRISTIAN   | GABLE        |
| ZERO        | CAGE         |
| KARL        | BERRY        |
| UMA         | WOOD         |
| VIVIEN      | BERGEN       |
| CUBA        | OLIVIER      |
| FRED        | COSTNER      |
| HELEN       | VOIGHT       |
| DAN         | TORN         |
| BOB         | FAWCETT      |
| LUCILLE     | TRACY        |
| KIRSTEN     | PALTROW      |
| ELVIS       | MARX         |
| SANDRA      | KILMER       |
| CAMERON     | STREEP       |
| KEVIN       | BLOOM        |
| RIP         | CRAWFORD     |
| JULIA       | MCQUEEN      |
| WOODY       | HOFFMAN      |
| ALEC        | WAYNE        |
| SANDRA      | PECK         |
| SISSY       | SOBIESKI     |
| TIM         | HACKMAN      |
| MILLA       | PECK         |
| AUDREY      | OLIVIER      |
| JUDY        | DEAN         |
| BURT        | DUKAKIS      |
| VAL         | BOLGER       |
| TOM         | MCKELLEN     |
| GOLDIE      | BRODY        |
| JOHNNY      | CAGE         |
| JODIE       | DEGENERES    |
| TOM         | MIRANDA      |
| KIRK        | JOVOVICH     |
| NICK        | STALLONE     |
| REESE       | KILMER       |
| PARKER      | GOLDBERG     |
| JULIA       | BARRYMORE    |
| FRANCES     | DAY-LEWIS    |
| ANNE        | CRONYN       |
| NATALIE     | HOPKINS      |
| GARY        | PHOENIX      |
| CARMEN      | HUNT         |
| MENA        | TEMPLE       |
| PENELOPE    | PINKETT      |
| FAY         | KILMER       |
| DAN         | HARRIS       |
| JUDE        | CRUISE       |
| CHRISTIAN   | AKROYD       |
| DUSTIN      | TAUTOU       |
| HENRY       | BERRY        |
| CHRISTIAN   | NEESON       |
| JAYNE       | NEESON       |
| CAMERON     | WRAY         |
| RAY         | JOHANSSON    |
| ANGELA      | HUDSON       |
| MARY        | TANDY        |
| JESSICA     | BAILEY       |
| RIP         | WINSLET      |
| KENNETH     | PALTROW      |
| MICHELLE    | MCCONAUGHEY  |
| ADAM        | GRANT        |
| SEAN        | WILLIAMS     |
| GARY        | PENN         |
| MILLA       | KEITEL       |
| BURT        | POSEY        |
| ANGELINA    | ASTAIRE      |
| CARY        | MCCONAUGHEY  |
| GROUCHO     | SINATRA      |
| MAE         | HOFFMAN      |
| RALPH       | CRUZ         |
| SCARLETT    | DAMON        |
| WOODY       | JOLIE        |
| BEN         | WILLIS       |
| JAMES       | PITT         |
| MINNIE      | ZELLWEGER    |
| GREG        | CHAPLIN      |
| SPENCER     | PECK         |
| KENNETH     | PESCI        |
| CHARLIZE    | DENCH        |
| SEAN        | GUINESS      |
| CHRISTOPHER | BERRY        |
| KIRSTEN     | AKROYD       |
| ELLEN       | PRESLEY      |
| KENNETH     | TORN         |
| DARYL       | WAHLBERG     |
| GENE        | WILLIS       |
| MEG         | HAWKE        |
| CHRIS       | BRIDGES      |
| JIM         | MOSTEL       |
| SPENCER     | DEPP         |
| SUSAN       | DAVIS        |
| WALTER      | TORN         |
| MATTHEW     | LEIGH        |
| PENELOPE    | CRONYN       |
| SIDNEY      | CROWE        |
| GROUCHO     | DUNST        |
| GINA        | DEGENERES    |
| WARREN      | NOLTE        |
| SYLVESTER   | DERN         |
| SUSAN       | DAVIS        |
| CAMERON     | ZELLWEGER    |
| RUSSELL     | BACALL       |
| MORGAN      | HOPKINS      |
| MORGAN      | MCDORMAND    |
| HARRISON    | BALE         |
| DAN         | STREEP       |
| RENEE       | TRACY        |
| CUBA        | ALLEN        |
| WARREN      | JACKMAN      |
| PENELOPE    | MONROE       |
| LIZA        | BERGMAN      |
| SALMA       | NOLTE        |
| JULIANNE    | DENCH        |
| SCARLETT    | BENING       |
| ALBERT      | NOLTE        |
| FRANCES     | TOMEI        |
| KEVIN       | GARLAND      |
| CATE        | MCQUEEN      |
| DARYL       | CRAWFORD     |
| GRETA       | KEITEL       |
| JANE        | JACKMAN      |
| ADAM        | HOPPER       |
| RICHARD     | PENN         |
| GENE        | HOPKINS      |
| RITA        | REYNOLDS     |
| ED          | MANSFIELD    |
| MORGAN      | WILLIAMS     |
| LUCILLE     | DEE          |
| EWAN        | GOODING      |
| WHOOPI      | HURT         |
| CATE        | HARRIS       |
| JADA        | RYDER        |
| RIVER       | DEAN         |
| ANGELA      | WITHERSPOON  |
| KIM         | ALLEN        |
| ALBERT      | JOHANSSON    |
| FAY         | WINSLET      |
| EMILY       | DEE          |
| RUSSELL     | TEMPLE       |
| JAYNE       | NOLTE        |
| GEOFFREY    | HESTON       |
| BEN         | HARRIS       |
| MINNIE      | KILMER       |
| MERYL       | GIBSON       |
| IAN         | TANDY        |
| FAY         | WOOD         |
| GRETA       | MALDEN       |
| VIVIEN      | BASINGER     |
| LAURA       | BRODY        |
| CHRIS       | DEPP         |
| HARVEY      | HOPE         |
| OPRAH       | KILMER       |
| CHRISTOPHER | WEST         |
| HUMPHREY    | WILLIS       |
| AL          | GARLAND      |
| NICK        | DEGENERES    |
| LAURENCE    | BULLOCK      |
| WILL        | WILSON       |
| KENNETH     | HOFFMAN      |
| MENA        | HOPPER       |
| OLYMPIA     | PFEIFFER     |
| GROUCHO     | WILLIAMS     |
| ALAN        | DREYFUSS     |
| MICHAEL     | BENING       |
| WILLIAM     | HACKMAN      |
| JON         | CHASE        |
| GENE        | MCKELLEN     |
| LISA        | MONROE       |
| ED          | GUINESS      |
| JEFF        | SILVERSTONE  |
| MATTHEW     | CARREY       |
| DEBBIE      | AKROYD       |
| RUSSELL     | CLOSE        |
| HUMPHREY    | GARLAND      |
| MICHAEL     | BOLGER       |
| JULIA       | ZELLWEGER    |
| RENEE       | BALL         |
| ROCK        | DUKAKIS      |
| CUBA        | BIRCH        |
| AUDREY      | BAILEY       |
| GREGORY     | GOODING      |
| JOHN        | SUVARI       |
| BURT        | TEMPLE       |
| MERYL       | ALLEN        |
| JAYNE       | SILVERSTONE  |
| BELA        | WALKEN       |
| REESE       | WEST         |
| MARY        | KEITEL       |
| JULIA       | FAWCETT      |
| THORA       | TEMPLE       |
+-------------+--------------+
200 rows in set (0.0004 sec)

 MySQL  localhost:3306  sakila  SQL > select first_name, last_name from staff;
+------------+-----------+
| first_name | last_name |
+------------+-----------+
| Mike       | Hillyer   |
| Jon        | Stephens  |
+------------+-----------+
2 rows in set (0.0002 sec)

 MySQL  localhost:3306  sakila  SQL > select first_name, last_name from customer;
+-------------+--------------+
| first_name  | last_name    |
+-------------+--------------+
| MARY        | SMITH        |
| PATRICIA    | JOHNSON      |
| LINDA       | WILLIAMS     |
| BARBARA     | JONES        |
| ELIZABETH   | BROWN        |
| JENNIFER    | DAVIS        |
| MARIA       | MILLER       |
| SUSAN       | WILSON       |
| MARGARET    | MOORE        |
| DOROTHY     | TAYLOR       |
| LISA        | ANDERSON     |
| NANCY       | THOMAS       |
| KAREN       | JACKSON      |
| BETTY       | WHITE        |
| HELEN       | HARRIS       |
| SANDRA      | MARTIN       |
| DONNA       | THOMPSON     |
| CAROL       | GARCIA       |
| RUTH        | MARTINEZ     |
| SHARON      | ROBINSON     |
| MICHELLE    | CLARK        |
| LAURA       | RODRIGUEZ    |
| SARAH       | LEWIS        |
| KIMBERLY    | LEE          |
| DEBORAH     | WALKER       |
| JESSICA     | HALL         |
| SHIRLEY     | ALLEN        |
| CYNTHIA     | YOUNG        |
| ANGELA      | HERNANDEZ    |
| MELISSA     | KING         |
| BRENDA      | WRIGHT       |
| AMY         | LOPEZ        |
| ANNA        | HILL         |
| REBECCA     | SCOTT        |
| VIRGINIA    | GREEN        |
| KATHLEEN    | ADAMS        |
| PAMELA      | BAKER        |
| MARTHA      | GONZALEZ     |
| DEBRA       | NELSON       |
| AMANDA      | CARTER       |
| STEPHANIE   | MITCHELL     |
| CAROLYN     | PEREZ        |
| CHRISTINE   | ROBERTS      |
| MARIE       | TURNER       |
| JANET       | PHILLIPS     |
| CATHERINE   | CAMPBELL     |
| FRANCES     | PARKER       |
| ANN         | EVANS        |
| JOYCE       | EDWARDS      |
| DIANE       | COLLINS      |
| ALICE       | STEWART      |
| JULIE       | SANCHEZ      |
| HEATHER     | MORRIS       |
| TERESA      | ROGERS       |
| DORIS       | REED         |
| GLORIA      | COOK         |
| EVELYN      | MORGAN       |
| JEAN        | BELL         |
| CHERYL      | MURPHY       |
| MILDRED     | BAILEY       |
| KATHERINE   | RIVERA       |
| JOAN        | COOPER       |
| ASHLEY      | RICHARDSON   |
| JUDITH      | COX          |
| ROSE        | HOWARD       |
| JANICE      | WARD         |
| KELLY       | TORRES       |
| NICOLE      | PETERSON     |
| JUDY        | GRAY         |
| CHRISTINA   | RAMIREZ      |
| KATHY       | JAMES        |
| THERESA     | WATSON       |
| BEVERLY     | BROOKS       |
| DENISE      | KELLY        |
| TAMMY       | SANDERS      |
| IRENE       | PRICE        |
| JANE        | BENNETT      |
| LORI        | WOOD         |
| RACHEL      | BARNES       |
| MARILYN     | ROSS         |
| ANDREA      | HENDERSON    |
| KATHRYN     | COLEMAN      |
| LOUISE      | JENKINS      |
| SARA        | PERRY        |
| ANNE        | POWELL       |
| JACQUELINE  | LONG         |
| WANDA       | PATTERSON    |
| BONNIE      | HUGHES       |
| JULIA       | FLORES       |
| RUBY        | WASHINGTON   |
| LOIS        | BUTLER       |
| TINA        | SIMMONS      |
| PHYLLIS     | FOSTER       |
| NORMA       | GONZALES     |
| PAULA       | BRYANT       |
| DIANA       | ALEXANDER    |
| ANNIE       | RUSSELL      |
| LILLIAN     | GRIFFIN      |
| EMILY       | DIAZ         |
| ROBIN       | HAYES        |
| PEGGY       | MYERS        |
| CRYSTAL     | FORD         |
| GLADYS      | HAMILTON     |
| RITA        | GRAHAM       |
| DAWN        | SULLIVAN     |
| CONNIE      | WALLACE      |
| FLORENCE    | WOODS        |
| TRACY       | COLE         |
| EDNA        | WEST         |
| TIFFANY     | JORDAN       |
| CARMEN      | OWENS        |
| ROSA        | REYNOLDS     |
| CINDY       | FISHER       |
| GRACE       | ELLIS        |
| WENDY       | HARRISON     |
| VICTORIA    | GIBSON       |
| EDITH       | MCDONALD     |
| KIM         | CRUZ         |
| SHERRY      | MARSHALL     |
| SYLVIA      | ORTIZ        |
| JOSEPHINE   | GOMEZ        |
| THELMA      | MURRAY       |
| SHANNON     | FREEMAN      |
| SHEILA      | WELLS        |
| ETHEL       | WEBB         |
| ELLEN       | SIMPSON      |
| ELAINE      | STEVENS      |
| MARJORIE    | TUCKER       |
| CARRIE      | PORTER       |
| CHARLOTTE   | HUNTER       |
| MONICA      | HICKS        |
| ESTHER      | CRAWFORD     |
| PAULINE     | HENRY        |
| EMMA        | BOYD         |
| JUANITA     | MASON        |
| ANITA       | MORALES      |
| RHONDA      | KENNEDY      |
| HAZEL       | WARREN       |
| AMBER       | DIXON        |
| EVA         | RAMOS        |
| DEBBIE      | REYES        |
| APRIL       | BURNS        |
| LESLIE      | GORDON       |
| CLARA       | SHAW         |
| LUCILLE     | HOLMES       |
| JAMIE       | RICE         |
| JOANNE      | ROBERTSON    |
| ELEANOR     | HUNT         |
| VALERIE     | BLACK        |
| DANIELLE    | DANIELS      |
| MEGAN       | PALMER       |
| ALICIA      | MILLS        |
| SUZANNE     | NICHOLS      |
| MICHELE     | GRANT        |
| GAIL        | KNIGHT       |
| BERTHA      | FERGUSON     |
| DARLENE     | ROSE         |
| VERONICA    | STONE        |
| JILL        | HAWKINS      |
| ERIN        | DUNN         |
| GERALDINE   | PERKINS      |
| LAUREN      | HUDSON       |
| CATHY       | SPENCER      |
| JOANN       | GARDNER      |
| LORRAINE    | STEPHENS     |
| LYNN        | PAYNE        |
| SALLY       | PIERCE       |
| REGINA      | BERRY        |
| ERICA       | MATTHEWS     |
| BEATRICE    | ARNOLD       |
| DOLORES     | WAGNER       |
| BERNICE     | WILLIS       |
| AUDREY      | RAY          |
| YVONNE      | WATKINS      |
| ANNETTE     | OLSON        |
| JUNE        | CARROLL      |
| SAMANTHA    | DUNCAN       |
| MARION      | SNYDER       |
| DANA        | HART         |
| STACY       | CUNNINGHAM   |
| ANA         | BRADLEY      |
| RENEE       | LANE         |
| IDA         | ANDREWS      |
| VIVIAN      | RUIZ         |
| ROBERTA     | HARPER       |
| HOLLY       | FOX          |
| BRITTANY    | RILEY        |
| MELANIE     | ARMSTRONG    |
| LORETTA     | CARPENTER    |
| YOLANDA     | WEAVER       |
| JEANETTE    | GREENE       |
| LAURIE      | LAWRENCE     |
| KATIE       | ELLIOTT      |
| KRISTEN     | CHAVEZ       |
| VANESSA     | SIMS         |
| ALMA        | AUSTIN       |
| SUE         | PETERS       |
| ELSIE       | KELLEY       |
| BETH        | FRANKLIN     |
| JEANNE      | LAWSON       |
| VICKI       | FIELDS       |
| CARLA       | GUTIERREZ    |
| TARA        | RYAN         |
| ROSEMARY    | SCHMIDT      |
| EILEEN      | CARR         |
| TERRI       | VASQUEZ      |
| GERTRUDE    | CASTILLO     |
| LUCY        | WHEELER      |
| TONYA       | CHAPMAN      |
| ELLA        | OLIVER       |
| STACEY      | MONTGOMERY   |
| WILMA       | RICHARDS     |
| GINA        | WILLIAMSON   |
| KRISTIN     | JOHNSTON     |
| JESSIE      | BANKS        |
| NATALIE     | MEYER        |
| AGNES       | BISHOP       |
| VERA        | MCCOY        |
| WILLIE      | HOWELL       |
| CHARLENE    | ALVAREZ      |
| BESSIE      | MORRISON     |
| DELORES     | HANSEN       |
| MELINDA     | FERNANDEZ    |
| PEARL       | GARZA        |
| ARLENE      | HARVEY       |
| MAUREEN     | LITTLE       |
| COLLEEN     | BURTON       |
| ALLISON     | STANLEY      |
| TAMARA      | NGUYEN       |
| JOY         | GEORGE       |
| GEORGIA     | JACOBS       |
| CONSTANCE   | REID         |
| LILLIE      | KIM          |
| CLAUDIA     | FULLER       |
| JACKIE      | LYNCH        |
| MARCIA      | DEAN         |
| TANYA       | GILBERT      |
| NELLIE      | GARRETT      |
| MINNIE      | ROMERO       |
| MARLENE     | WELCH        |
| HEIDI       | LARSON       |
| GLENDA      | FRAZIER      |
| LYDIA       | BURKE        |
| VIOLA       | HANSON       |
| COURTNEY    | DAY          |
| MARIAN      | MENDOZA      |
| STELLA      | MORENO       |
| CAROLINE    | BOWMAN       |
| DORA        | MEDINA       |
| JO          | FOWLER       |
| VICKIE      | BREWER       |
| MATTIE      | HOFFMAN      |
| TERRY       | CARLSON      |
| MAXINE      | SILVA        |
| IRMA        | PEARSON      |
| MABEL       | HOLLAND      |
| MARSHA      | DOUGLAS      |
| MYRTLE      | FLEMING      |
| LENA        | JENSEN       |
| CHRISTY     | VARGAS       |
| DEANNA      | BYRD         |
| PATSY       | DAVIDSON     |
| HILDA       | HOPKINS      |
| GWENDOLYN   | MAY          |
| JENNIE      | TERRY        |
| NORA        | HERRERA      |
| MARGIE      | WADE         |
| NINA        | SOTO         |
| CASSANDRA   | WALTERS      |
| LEAH        | CURTIS       |
| PENNY       | NEAL         |
| KAY         | CALDWELL     |
| PRISCILLA   | LOWE         |
| NAOMI       | JENNINGS     |
| CAROLE      | BARNETT      |
| BRANDY      | GRAVES       |
| OLGA        | JIMENEZ      |
| BILLIE      | HORTON       |
| DIANNE      | SHELTON      |
| TRACEY      | BARRETT      |
| LEONA       | OBRIEN       |
| JENNY       | CASTRO       |
| FELICIA     | SUTTON       |
| SONIA       | GREGORY      |
| MIRIAM      | MCKINNEY     |
| VELMA       | LUCAS        |
| BECKY       | MILES        |
| BOBBIE      | CRAIG        |
| VIOLET      | RODRIQUEZ    |
| KRISTINA    | CHAMBERS     |
| TONI        | HOLT         |
| MISTY       | LAMBERT      |
| MAE         | FLETCHER     |
| SHELLY      | WATTS        |
| DAISY       | BATES        |
| RAMONA      | HALE         |
| SHERRI      | RHODES       |
| ERIKA       | PENA         |
| JAMES       | GANNON       |
| JOHN        | FARNSWORTH   |
| ROBERT      | BAUGHMAN     |
| MICHAEL     | SILVERMAN    |
| WILLIAM     | SATTERFIELD  |
| DAVID       | ROYAL        |
| RICHARD     | MCCRARY      |
| CHARLES     | KOWALSKI     |
| JOSEPH      | JOY          |
| THOMAS      | GRIGSBY      |
| CHRISTOPHER | GRECO        |
| DANIEL      | CABRAL       |
| PAUL        | TROUT        |
| MARK        | RINEHART     |
| DONALD      | MAHON        |
| GEORGE      | LINTON       |
| KENNETH     | GOODEN       |
| STEVEN      | CURLEY       |
| EDWARD      | BAUGH        |
| BRIAN       | WYMAN        |
| RONALD      | WEINER       |
| ANTHONY     | SCHWAB       |
| KEVIN       | SCHULER      |
| JASON       | MORRISSEY    |
| MATTHEW     | MAHAN        |
| GARY        | COY          |
| TIMOTHY     | BUNN         |
| JOSE        | ANDREW       |
| LARRY       | THRASHER     |
| JEFFREY     | SPEAR        |
| FRANK       | WAGGONER     |
| SCOTT       | SHELLEY      |
| ERIC        | ROBERT       |
| STEPHEN     | QUALLS       |
| ANDREW      | PURDY        |
| RAYMOND     | MCWHORTER    |
| GREGORY     | MAULDIN      |
| JOSHUA      | MARK         |
| JERRY       | JORDON       |
| DENNIS      | GILMAN       |
| WALTER      | PERRYMAN     |
| PATRICK     | NEWSOM       |
| PETER       | MENARD       |
| HAROLD      | MARTINO      |
| DOUGLAS     | GRAF         |
| HENRY       | BILLINGSLEY  |
| CARL        | ARTIS        |
| ARTHUR      | SIMPKINS     |
| RYAN        | SALISBURY    |
| ROGER       | QUINTANILLA  |
| JOE         | GILLILAND    |
| JUAN        | FRALEY       |
| JACK        | FOUST        |
| ALBERT      | CROUSE       |
| JONATHAN    | SCARBOROUGH  |
| JUSTIN      | NGO          |
| TERRY       | GRISSOM      |
| GERALD      | FULTZ        |
| KEITH       | RICO         |
| SAMUEL      | MARLOW       |
| WILLIE      | MARKHAM      |
| RALPH       | MADRIGAL     |
| LAWRENCE    | LAWTON       |
| NICHOLAS    | BARFIELD     |
| ROY         | WHITING      |
| BENJAMIN    | VARNEY       |
| BRUCE       | SCHWARZ      |
| BRANDON     | HUEY         |
| ADAM        | GOOCH        |
| HARRY       | ARCE         |
| FRED        | WHEAT        |
| WAYNE       | TRUONG       |
| BILLY       | POULIN       |
| STEVE       | MACKENZIE    |
| LOUIS       | LEONE        |
| JEREMY      | HURTADO      |
| AARON       | SELBY        |
| RANDY       | GAITHER      |
| HOWARD      | FORTNER      |
| EUGENE      | CULPEPPER    |
| CARLOS      | COUGHLIN     |
| RUSSELL     | BRINSON      |
| BOBBY       | BOUDREAU     |
| VICTOR      | BARKLEY      |
| MARTIN      | BALES        |
| ERNEST      | STEPP        |
| PHILLIP     | HOLM         |
| TODD        | TAN          |
| JESSE       | SCHILLING    |
| CRAIG       | MORRELL      |
| ALAN        | KAHN         |
| SHAWN       | HEATON       |
| CLARENCE    | GAMEZ        |
| SEAN        | DOUGLASS     |
| PHILIP      | CAUSEY       |
| CHRIS       | BROTHERS     |
| JOHNNY      | TURPIN       |
| EARL        | SHANKS       |
| JIMMY       | SCHRADER     |
| ANTONIO     | MEEK         |
| DANNY       | ISOM         |
| BRYAN       | HARDISON     |
| TONY        | CARRANZA     |
| LUIS        | YANEZ        |
| MIKE        | WAY          |
| STANLEY     | SCROGGINS    |
| LEONARD     | SCHOFIELD    |
| NATHAN      | RUNYON       |
| DALE        | RATCLIFF     |
| MANUEL      | MURRELL      |
| RODNEY      | MOELLER      |
| CURTIS      | IRBY         |
| NORMAN      | CURRIER      |
| ALLEN       | BUTTERFIELD  |
| MARVIN      | YEE          |
| VINCENT     | RALSTON      |
| GLENN       | PULLEN       |
| JEFFERY     | PINSON       |
| TRAVIS      | ESTEP        |
| JEFF        | EAST         |
| CHAD        | CARBONE      |
| JACOB       | LANCE        |
| LEE         | HAWKS        |
| MELVIN      | ELLINGTON    |
| ALFRED      | CASILLAS     |
| KYLE        | SPURLOCK     |
| FRANCIS     | SIKES        |
| BRADLEY     | MOTLEY       |
| JESUS       | MCCARTNEY    |
| HERBERT     | KRUGER       |
| FREDERICK   | ISBELL       |
| RAY         | HOULE        |
| JOEL        | FRANCISCO    |
| EDWIN       | BURK         |
| DON         | BONE         |
| EDDIE       | TOMLIN       |
| RICKY       | SHELBY       |
| TROY        | QUIGLEY      |
| RANDALL     | NEUMANN      |
| BARRY       | LOVELACE     |
| ALEXANDER   | FENNELL      |
| BERNARD     | COLBY        |
| MARIO       | CHEATHAM     |
| LEROY       | BUSTAMANTE   |
| FRANCISCO   | SKIDMORE     |
| MARCUS      | HIDALGO      |
| MICHEAL     | FORMAN       |
| THEODORE    | CULP         |
| CLIFFORD    | BOWENS       |
| MIGUEL      | BETANCOURT   |
| OSCAR       | AQUINO       |
| JAY         | ROBB         |
| JIM         | REA          |
| TOM         | MILNER       |
| CALVIN      | MARTEL       |
| ALEX        | GRESHAM      |
| JON         | WILES        |
| RONNIE      | RICKETTS     |
| BILL        | GAVIN        |
| LLOYD       | DOWD         |
| TOMMY       | COLLAZO      |
| LEON        | BOSTIC       |
| DEREK       | BLAKELY      |
| WARREN      | SHERROD      |
| DARRELL     | POWER        |
| JEROME      | KENYON       |
| FLOYD       | GANDY        |
| LEO         | EBERT        |
| ALVIN       | DELOACH      |
| TIM         | CARY         |
| WESLEY      | BULL         |
| GORDON      | ALLARD       |
| DEAN        | SAUER        |
| GREG        | ROBINS       |
| JORGE       | OLIVARES     |
| DUSTIN      | GILLETTE     |
| PEDRO       | CHESTNUT     |
| DERRICK     | BOURQUE      |
| DAN         | PAINE        |
| LEWIS       | LYMAN        |
| ZACHARY     | HITE         |
| COREY       | HAUSER       |
| HERMAN      | DEVORE       |
| MAURICE     | CRAWLEY      |
| VERNON      | CHAPA        |
| ROBERTO     | VU           |
| CLYDE       | TOBIAS       |
| GLEN        | TALBERT      |
| HECTOR      | POINDEXTER   |
| SHANE       | MILLARD      |
| RICARDO     | MEADOR       |
| SAM         | MCDUFFIE     |
| RICK        | MATTOX       |
| LESTER      | KRAUS        |
| BRENT       | HARKINS      |
| RAMON       | CHOATE       |
| CHARLIE     | BESS         |
| TYLER       | WREN         |
| GILBERT     | SLEDGE       |
| GENE        | SANBORN      |
| MARC        | OUTLAW       |
| REGINALD    | KINDER       |
| RUBEN       | GEARY        |
| BRETT       | CORNWELL     |
| ANGEL       | BARCLAY      |
| NATHANIEL   | ADAM         |
| RAFAEL      | ABNEY        |
| LESLIE      | SEWARD       |
| EDGAR       | RHOADS       |
| MILTON      | HOWLAND      |
| RAUL        | FORTIER      |
| BEN         | EASTER       |
| CHESTER     | BENNER       |
| CECIL       | VINES        |
| DUANE       | TUBBS        |
| FRANKLIN    | TROUTMAN     |
| ANDRE       | RAPP         |
| ELMER       | NOE          |
| BRAD        | MCCURDY      |
| GABRIEL     | HARDER       |
| RON         | DELUCA       |
| MITCHELL    | WESTMORELAND |
| ROLAND      | SOUTH        |
| ARNOLD      | HAVENS       |
| HARVEY      | GUAJARDO     |
| JARED       | ELY          |
| ADRIAN      | CLARY        |
| KARL        | SEAL         |
| CORY        | MEEHAN       |
| CLAUDE      | HERZOG       |
| ERIK        | GUILLEN      |
| DARRYL      | ASHCRAFT     |
| JAMIE       | WAUGH        |
| NEIL        | RENNER       |
| JESSIE      | MILAM        |
| CHRISTIAN   | JUNG         |
| JAVIER      | ELROD        |
| FERNANDO    | CHURCHILL    |
| CLINTON     | BUFORD       |
| TED         | BREAUX       |
| MATHEW      | BOLIN        |
| TYRONE      | ASHER        |
| DARREN      | WINDHAM      |
| LONNIE      | TIRADO       |
| LANCE       | PEMBERTON    |
| CODY        | NOLEN        |
| JULIO       | NOLAND       |
| KELLY       | KNOTT        |
| KURT        | EMMONS       |
| ALLAN       | CORNISH      |
| NELSON      | CHRISTENSON  |
| GUY         | BROWNLEE     |
| CLAYTON     | BARBEE       |
| HUGH        | WALDROP      |
| MAX         | PITT         |
| DWAYNE      | OLVERA       |
| DWIGHT      | LOMBARDI     |
| ARMANDO     | GRUBER       |
| FELIX       | GAFFNEY      |
| JIMMIE      | EGGLESTON    |
| EVERETT     | BANDA        |
| JORDAN      | ARCHULETA    |
| IAN         | STILL        |
| WALLACE     | SLONE        |
| KEN         | PREWITT      |
| BOB         | PFEIFFER     |
| JAIME       | NETTLES      |
| CASEY       | MENA         |
| ALFREDO     | MCADAMS      |
| ALBERTO     | HENNING      |
| DAVE        | GARDINER     |
| IVAN        | CROMWELL     |
| JOHNNIE     | CHISHOLM     |
| SIDNEY      | BURLESON     |
| BYRON       | BOX          |
| JULIAN      | VEST         |
| ISAAC       | OGLESBY      |
| MORRIS      | MCCARTER     |
| CLIFTON     | MALCOLM      |
| WILLARD     | LUMPKIN      |
| DARYL       | LARUE        |
| ROSS        | GREY         |
| VIRGIL      | WOFFORD      |
| ANDY        | VANHORN      |
| MARSHALL    | THORN        |
| SALVADOR    | TEEL         |
| PERRY       | SWAFFORD     |
| KIRK        | STCLAIR      |
| SERGIO      | STANFIELD    |
| MARION      | OCAMPO       |
| TRACY       | HERRMANN     |
| SETH        | HANNON       |
| KENT        | ARSENAULT    |
| TERRANCE    | ROUSH        |
| RENE        | MCALISTER    |
| EDUARDO     | HIATT        |
| TERRENCE    | GUNDERSON    |
| ENRIQUE     | FORSYTHE     |
| FREDDIE     | DUGGAN       |
| WADE        | DELVALLE     |
| AUSTIN      | CINTRON      |
+-------------+--------------+
599 rows in set (0.0154 sec)

 MySQL  localhost:3306  sakila  SQL > select count(*) from actor;
+----------+
| count(*) |
+----------+
|      200 |
+----------+
1 row in set (0.0003 sec)

 MySQL  localhost:3306  sakila  SQL > select count(*) from staff;
+----------+
| count(*) |
+----------+
|        2 |
+----------+
1 row in set (0.0003 sec)

 MySQL  localhost:3306  sakila  SQL > select count(*) from customer;
+----------+
| count(*) |
+----------+
|      599 |
+----------+
1 row in set (0.0004 sec)

 MySQL  localhost:3306  sakila  SQL > select first_name, last_name from actor limit 10;
+------------+--------------+
| first_name | last_name    |
+------------+--------------+
| PENELOPE   | GUINESS      |
| NICK       | WAHLBERG     |
| ED         | CHASE        |
| JENNIFER   | DAVIS        |
| JOHNNY     | LOLLOBRIGIDA |
| BETTE      | NICHOLSON    |
| GRACE      | MOSTEL       |
| MATTHEW    | JOHANSSON    |
| JOE        | SWANK        |
| CHRISTIAN  | GABLE        |
+------------+--------------+
10 rows in set (0.0003 sec)

 MySQL  localhost:3306  sakila  SQL > select first_name, last_name from actor limit order by last_name limit 1;
ERROR: 1064 (42000): You have an error in your SQL syntax; check the manual that corresponds to your MySQL server version for the right syntax to use near 'order by last_name limit 1' at line 1

 MySQL  localhost:3306  sakila  SQL > select first_name, last_name from actor limit order by last_name limit 1;
ERROR: 1064 (42000): You have an error in your SQL syntax; check the manual that corresponds to your MySQL server version for the right syntax to use near 'order by last_name limit 1' at line 1

 MySQL  localhost:3306  sakila  SQL > select first_name, last_name from actor limit order by last_name desc limit 1;
ERROR: 1064 (42000): You have an error in your SQL syntax; check the manual that corresponds to your MySQL server version for the right syntax to use near 'order by last_name desc limit 1' at line 1

 MySQL  localhost:3306  sakila  SQL > \use evaluacion_2
MySQL Error 1049 (42000): ClassicSession.runSql: Unknown database 'evaluacion_2'

 MySQL  localhost:3306  sakila  SQL > show tables
                                  ... ;
+----------------------------+
| Tables_in_sakila           |
+----------------------------+
| actor                      |
| actor_info                 |
| address                    |
| category                   |
| city                       |
| country                    |
| customer                   |
| customer_list              |
| film                       |
| film_actor                 |
| film_category              |
| film_list                  |
| inventory                  |
| language                   |
| nicer_but_slower_film_list |
| payment                    |
| rental                     |
| sales_by_film_category     |
| sales_by_store             |
| staff                      |
| staff_list                 |
| store                      |
+----------------------------+
22 rows in set (0.0006 sec)

 MySQL  localhost:3306  sakila  SQL > select first_name,last_name from actor
                                  ... union
                                  ... select first_name,last_name from staff;
+-------------+--------------+
| first_name  | last_name    |
+-------------+--------------+
| PENELOPE    | GUINESS      |
| NICK        | WAHLBERG     |
| ED          | CHASE        |
| JENNIFER    | DAVIS        |
| JOHNNY      | LOLLOBRIGIDA |
| BETTE       | NICHOLSON    |
| GRACE       | MOSTEL       |
| MATTHEW     | JOHANSSON    |
| JOE         | SWANK        |
| CHRISTIAN   | GABLE        |
| ZERO        | CAGE         |
| KARL        | BERRY        |
| UMA         | WOOD         |
| VIVIEN      | BERGEN       |
| CUBA        | OLIVIER      |
| FRED        | COSTNER      |
| HELEN       | VOIGHT       |
| DAN         | TORN         |
| BOB         | FAWCETT      |
| LUCILLE     | TRACY        |
| KIRSTEN     | PALTROW      |
| ELVIS       | MARX         |
| SANDRA      | KILMER       |
| CAMERON     | STREEP       |
| KEVIN       | BLOOM        |
| RIP         | CRAWFORD     |
| JULIA       | MCQUEEN      |
| WOODY       | HOFFMAN      |
| ALEC        | WAYNE        |
| SANDRA      | PECK         |
| SISSY       | SOBIESKI     |
| TIM         | HACKMAN      |
| MILLA       | PECK         |
| AUDREY      | OLIVIER      |
| JUDY        | DEAN         |
| BURT        | DUKAKIS      |
| VAL         | BOLGER       |
| TOM         | MCKELLEN     |
| GOLDIE      | BRODY        |
| JOHNNY      | CAGE         |
| JODIE       | DEGENERES    |
| TOM         | MIRANDA      |
| KIRK        | JOVOVICH     |
| NICK        | STALLONE     |
| REESE       | KILMER       |
| PARKER      | GOLDBERG     |
| JULIA       | BARRYMORE    |
| FRANCES     | DAY-LEWIS    |
| ANNE        | CRONYN       |
| NATALIE     | HOPKINS      |
| GARY        | PHOENIX      |
| CARMEN      | HUNT         |
| MENA        | TEMPLE       |
| PENELOPE    | PINKETT      |
| FAY         | KILMER       |
| DAN         | HARRIS       |
| JUDE        | CRUISE       |
| CHRISTIAN   | AKROYD       |
| DUSTIN      | TAUTOU       |
| HENRY       | BERRY        |
| CHRISTIAN   | NEESON       |
| JAYNE       | NEESON       |
| CAMERON     | WRAY         |
| RAY         | JOHANSSON    |
| ANGELA      | HUDSON       |
| MARY        | TANDY        |
| JESSICA     | BAILEY       |
| RIP         | WINSLET      |
| KENNETH     | PALTROW      |
| MICHELLE    | MCCONAUGHEY  |
| ADAM        | GRANT        |
| SEAN        | WILLIAMS     |
| GARY        | PENN         |
| MILLA       | KEITEL       |
| BURT        | POSEY        |
| ANGELINA    | ASTAIRE      |
| CARY        | MCCONAUGHEY  |
| GROUCHO     | SINATRA      |
| MAE         | HOFFMAN      |
| RALPH       | CRUZ         |
| SCARLETT    | DAMON        |
| WOODY       | JOLIE        |
| BEN         | WILLIS       |
| JAMES       | PITT         |
| MINNIE      | ZELLWEGER    |
| GREG        | CHAPLIN      |
| SPENCER     | PECK         |
| KENNETH     | PESCI        |
| CHARLIZE    | DENCH        |
| SEAN        | GUINESS      |
| CHRISTOPHER | BERRY        |
| KIRSTEN     | AKROYD       |
| ELLEN       | PRESLEY      |
| KENNETH     | TORN         |
| DARYL       | WAHLBERG     |
| GENE        | WILLIS       |
| MEG         | HAWKE        |
| CHRIS       | BRIDGES      |
| JIM         | MOSTEL       |
| SPENCER     | DEPP         |
| SUSAN       | DAVIS        |
| WALTER      | TORN         |
| MATTHEW     | LEIGH        |
| PENELOPE    | CRONYN       |
| SIDNEY      | CROWE        |
| GROUCHO     | DUNST        |
| GINA        | DEGENERES    |
| WARREN      | NOLTE        |
| SYLVESTER   | DERN         |
| CAMERON     | ZELLWEGER    |
| RUSSELL     | BACALL       |
| MORGAN      | HOPKINS      |
| MORGAN      | MCDORMAND    |
| HARRISON    | BALE         |
| DAN         | STREEP       |
| RENEE       | TRACY        |
| CUBA        | ALLEN        |
| WARREN      | JACKMAN      |
| PENELOPE    | MONROE       |
| LIZA        | BERGMAN      |
| SALMA       | NOLTE        |
| JULIANNE    | DENCH        |
| SCARLETT    | BENING       |
| ALBERT      | NOLTE        |
| FRANCES     | TOMEI        |
| KEVIN       | GARLAND      |
| CATE        | MCQUEEN      |
| DARYL       | CRAWFORD     |
| GRETA       | KEITEL       |
| JANE        | JACKMAN      |
| ADAM        | HOPPER       |
| RICHARD     | PENN         |
| GENE        | HOPKINS      |
| RITA        | REYNOLDS     |
| ED          | MANSFIELD    |
| MORGAN      | WILLIAMS     |
| LUCILLE     | DEE          |
| EWAN        | GOODING      |
| WHOOPI      | HURT         |
| CATE        | HARRIS       |
| JADA        | RYDER        |
| RIVER       | DEAN         |
| ANGELA      | WITHERSPOON  |
| KIM         | ALLEN        |
| ALBERT      | JOHANSSON    |
| FAY         | WINSLET      |
| EMILY       | DEE          |
| RUSSELL     | TEMPLE       |
| JAYNE       | NOLTE        |
| GEOFFREY    | HESTON       |
| BEN         | HARRIS       |
| MINNIE      | KILMER       |
| MERYL       | GIBSON       |
| IAN         | TANDY        |
| FAY         | WOOD         |
| GRETA       | MALDEN       |
| VIVIEN      | BASINGER     |
| LAURA       | BRODY        |
| CHRIS       | DEPP         |
| HARVEY      | HOPE         |
| OPRAH       | KILMER       |
| CHRISTOPHER | WEST         |
| HUMPHREY    | WILLIS       |
| AL          | GARLAND      |
| NICK        | DEGENERES    |
| LAURENCE    | BULLOCK      |
| WILL        | WILSON       |
| KENNETH     | HOFFMAN      |
| MENA        | HOPPER       |
| OLYMPIA     | PFEIFFER     |
| GROUCHO     | WILLIAMS     |
| ALAN        | DREYFUSS     |
| MICHAEL     | BENING       |
| WILLIAM     | HACKMAN      |
| JON         | CHASE        |
| GENE        | MCKELLEN     |
| LISA        | MONROE       |
| ED          | GUINESS      |
| JEFF        | SILVERSTONE  |
| MATTHEW     | CARREY       |
| DEBBIE      | AKROYD       |
| RUSSELL     | CLOSE        |
| HUMPHREY    | GARLAND      |
| MICHAEL     | BOLGER       |
| JULIA       | ZELLWEGER    |
| RENEE       | BALL         |
| ROCK        | DUKAKIS      |
| CUBA        | BIRCH        |
| AUDREY      | BAILEY       |
| GREGORY     | GOODING      |
| JOHN        | SUVARI       |
| BURT        | TEMPLE       |
| MERYL       | ALLEN        |
| JAYNE       | SILVERSTONE  |
| BELA        | WALKEN       |
| REESE       | WEST         |
| MARY        | KEITEL       |
| JULIA       | FAWCETT      |
| THORA       | TEMPLE       |
| Mike        | Hillyer      |
| Jon         | Stephens     |
+-------------+--------------+
201 rows in set (0.0012 sec)

 MySQL  localhost:3306  sakila  SQL > select 'Actor',first_name,last_name from actor union select 'Staff',first_name,last_name from staff;
+-------+-------------+--------------+
| Actor | first_name  | last_name    |
+-------+-------------+--------------+
| Actor | PENELOPE    | GUINESS      |
| Actor | NICK        | WAHLBERG     |
| Actor | ED          | CHASE        |
| Actor | JENNIFER    | DAVIS        |
| Actor | JOHNNY      | LOLLOBRIGIDA |
| Actor | BETTE       | NICHOLSON    |
| Actor | GRACE       | MOSTEL       |
| Actor | MATTHEW     | JOHANSSON    |
| Actor | JOE         | SWANK        |
| Actor | CHRISTIAN   | GABLE        |
| Actor | ZERO        | CAGE         |
| Actor | KARL        | BERRY        |
| Actor | UMA         | WOOD         |
| Actor | VIVIEN      | BERGEN       |
| Actor | CUBA        | OLIVIER      |
| Actor | FRED        | COSTNER      |
| Actor | HELEN       | VOIGHT       |
| Actor | DAN         | TORN         |
| Actor | BOB         | FAWCETT      |
| Actor | LUCILLE     | TRACY        |
| Actor | KIRSTEN     | PALTROW      |
| Actor | ELVIS       | MARX         |
| Actor | SANDRA      | KILMER       |
| Actor | CAMERON     | STREEP       |
| Actor | KEVIN       | BLOOM        |
| Actor | RIP         | CRAWFORD     |
| Actor | JULIA       | MCQUEEN      |
| Actor | WOODY       | HOFFMAN      |
| Actor | ALEC        | WAYNE        |
| Actor | SANDRA      | PECK         |
| Actor | SISSY       | SOBIESKI     |
| Actor | TIM         | HACKMAN      |
| Actor | MILLA       | PECK         |
| Actor | AUDREY      | OLIVIER      |
| Actor | JUDY        | DEAN         |
| Actor | BURT        | DUKAKIS      |
| Actor | VAL         | BOLGER       |
| Actor | TOM         | MCKELLEN     |
| Actor | GOLDIE      | BRODY        |
| Actor | JOHNNY      | CAGE         |
| Actor | JODIE       | DEGENERES    |
| Actor | TOM         | MIRANDA      |
| Actor | KIRK        | JOVOVICH     |
| Actor | NICK        | STALLONE     |
| Actor | REESE       | KILMER       |
| Actor | PARKER      | GOLDBERG     |
| Actor | JULIA       | BARRYMORE    |
| Actor | FRANCES     | DAY-LEWIS    |
| Actor | ANNE        | CRONYN       |
| Actor | NATALIE     | HOPKINS      |
| Actor | GARY        | PHOENIX      |
| Actor | CARMEN      | HUNT         |
| Actor | MENA        | TEMPLE       |
| Actor | PENELOPE    | PINKETT      |
| Actor | FAY         | KILMER       |
| Actor | DAN         | HARRIS       |
| Actor | JUDE        | CRUISE       |
| Actor | CHRISTIAN   | AKROYD       |
| Actor | DUSTIN      | TAUTOU       |
| Actor | HENRY       | BERRY        |
| Actor | CHRISTIAN   | NEESON       |
| Actor | JAYNE       | NEESON       |
| Actor | CAMERON     | WRAY         |
| Actor | RAY         | JOHANSSON    |
| Actor | ANGELA      | HUDSON       |
| Actor | MARY        | TANDY        |
| Actor | JESSICA     | BAILEY       |
| Actor | RIP         | WINSLET      |
| Actor | KENNETH     | PALTROW      |
| Actor | MICHELLE    | MCCONAUGHEY  |
| Actor | ADAM        | GRANT        |
| Actor | SEAN        | WILLIAMS     |
| Actor | GARY        | PENN         |
| Actor | MILLA       | KEITEL       |
| Actor | BURT        | POSEY        |
| Actor | ANGELINA    | ASTAIRE      |
| Actor | CARY        | MCCONAUGHEY  |
| Actor | GROUCHO     | SINATRA      |
| Actor | MAE         | HOFFMAN      |
| Actor | RALPH       | CRUZ         |
| Actor | SCARLETT    | DAMON        |
| Actor | WOODY       | JOLIE        |
| Actor | BEN         | WILLIS       |
| Actor | JAMES       | PITT         |
| Actor | MINNIE      | ZELLWEGER    |
| Actor | GREG        | CHAPLIN      |
| Actor | SPENCER     | PECK         |
| Actor | KENNETH     | PESCI        |
| Actor | CHARLIZE    | DENCH        |
| Actor | SEAN        | GUINESS      |
| Actor | CHRISTOPHER | BERRY        |
| Actor | KIRSTEN     | AKROYD       |
| Actor | ELLEN       | PRESLEY      |
| Actor | KENNETH     | TORN         |
| Actor | DARYL       | WAHLBERG     |
| Actor | GENE        | WILLIS       |
| Actor | MEG         | HAWKE        |
| Actor | CHRIS       | BRIDGES      |
| Actor | JIM         | MOSTEL       |
| Actor | SPENCER     | DEPP         |
| Actor | SUSAN       | DAVIS        |
| Actor | WALTER      | TORN         |
| Actor | MATTHEW     | LEIGH        |
| Actor | PENELOPE    | CRONYN       |
| Actor | SIDNEY      | CROWE        |
| Actor | GROUCHO     | DUNST        |
| Actor | GINA        | DEGENERES    |
| Actor | WARREN      | NOLTE        |
| Actor | SYLVESTER   | DERN         |
| Actor | CAMERON     | ZELLWEGER    |
| Actor | RUSSELL     | BACALL       |
| Actor | MORGAN      | HOPKINS      |
| Actor | MORGAN      | MCDORMAND    |
| Actor | HARRISON    | BALE         |
| Actor | DAN         | STREEP       |
| Actor | RENEE       | TRACY        |
| Actor | CUBA        | ALLEN        |
| Actor | WARREN      | JACKMAN      |
| Actor | PENELOPE    | MONROE       |
| Actor | LIZA        | BERGMAN      |
| Actor | SALMA       | NOLTE        |
| Actor | JULIANNE    | DENCH        |
| Actor | SCARLETT    | BENING       |
| Actor | ALBERT      | NOLTE        |
| Actor | FRANCES     | TOMEI        |
| Actor | KEVIN       | GARLAND      |
| Actor | CATE        | MCQUEEN      |
| Actor | DARYL       | CRAWFORD     |
| Actor | GRETA       | KEITEL       |
| Actor | JANE        | JACKMAN      |
| Actor | ADAM        | HOPPER       |
| Actor | RICHARD     | PENN         |
| Actor | GENE        | HOPKINS      |
| Actor | RITA        | REYNOLDS     |
| Actor | ED          | MANSFIELD    |
| Actor | MORGAN      | WILLIAMS     |
| Actor | LUCILLE     | DEE          |
| Actor | EWAN        | GOODING      |
| Actor | WHOOPI      | HURT         |
| Actor | CATE        | HARRIS       |
| Actor | JADA        | RYDER        |
| Actor | RIVER       | DEAN         |
| Actor | ANGELA      | WITHERSPOON  |
| Actor | KIM         | ALLEN        |
| Actor | ALBERT      | JOHANSSON    |
| Actor | FAY         | WINSLET      |
| Actor | EMILY       | DEE          |
| Actor | RUSSELL     | TEMPLE       |
| Actor | JAYNE       | NOLTE        |
| Actor | GEOFFREY    | HESTON       |
| Actor | BEN         | HARRIS       |
| Actor | MINNIE      | KILMER       |
| Actor | MERYL       | GIBSON       |
| Actor | IAN         | TANDY        |
| Actor | FAY         | WOOD         |
| Actor | GRETA       | MALDEN       |
| Actor | VIVIEN      | BASINGER     |
| Actor | LAURA       | BRODY        |
| Actor | CHRIS       | DEPP         |
| Actor | HARVEY      | HOPE         |
| Actor | OPRAH       | KILMER       |
| Actor | CHRISTOPHER | WEST         |
| Actor | HUMPHREY    | WILLIS       |
| Actor | AL          | GARLAND      |
| Actor | NICK        | DEGENERES    |
| Actor | LAURENCE    | BULLOCK      |
| Actor | WILL        | WILSON       |
| Actor | KENNETH     | HOFFMAN      |
| Actor | MENA        | HOPPER       |
| Actor | OLYMPIA     | PFEIFFER     |
| Actor | GROUCHO     | WILLIAMS     |
| Actor | ALAN        | DREYFUSS     |
| Actor | MICHAEL     | BENING       |
| Actor | WILLIAM     | HACKMAN      |
| Actor | JON         | CHASE        |
| Actor | GENE        | MCKELLEN     |
| Actor | LISA        | MONROE       |
| Actor | ED          | GUINESS      |
| Actor | JEFF        | SILVERSTONE  |
| Actor | MATTHEW     | CARREY       |
| Actor | DEBBIE      | AKROYD       |
| Actor | RUSSELL     | CLOSE        |
| Actor | HUMPHREY    | GARLAND      |
| Actor | MICHAEL     | BOLGER       |
| Actor | JULIA       | ZELLWEGER    |
| Actor | RENEE       | BALL         |
| Actor | ROCK        | DUKAKIS      |
| Actor | CUBA        | BIRCH        |
| Actor | AUDREY      | BAILEY       |
| Actor | GREGORY     | GOODING      |
| Actor | JOHN        | SUVARI       |
| Actor | BURT        | TEMPLE       |
| Actor | MERYL       | ALLEN        |
| Actor | JAYNE       | SILVERSTONE  |
| Actor | BELA        | WALKEN       |
| Actor | REESE       | WEST         |
| Actor | MARY        | KEITEL       |
| Actor | JULIA       | FAWCETT      |
| Actor | THORA       | TEMPLE       |
| Staff | Mike        | Hillyer      |
| Staff | Jon         | Stephens     |
+-------+-------------+--------------+
201 rows in set (0.0009 sec)

 MySQL  localhost:3306  sakila  SQL > select 'Actor' as tabla,first_name,last_name from actor union select 'Staff' as tabla,first_name,last_name from staff;
+-------+-------------+--------------+
| tabla | first_name  | last_name    |
+-------+-------------+--------------+
| Actor | PENELOPE    | GUINESS      |
| Actor | NICK        | WAHLBERG     |
| Actor | ED          | CHASE        |
| Actor | JENNIFER    | DAVIS        |
| Actor | JOHNNY      | LOLLOBRIGIDA |
| Actor | BETTE       | NICHOLSON    |
| Actor | GRACE       | MOSTEL       |
| Actor | MATTHEW     | JOHANSSON    |
| Actor | JOE         | SWANK        |
| Actor | CHRISTIAN   | GABLE        |
| Actor | ZERO        | CAGE         |
| Actor | KARL        | BERRY        |
| Actor | UMA         | WOOD         |
| Actor | VIVIEN      | BERGEN       |
| Actor | CUBA        | OLIVIER      |
| Actor | FRED        | COSTNER      |
| Actor | HELEN       | VOIGHT       |
| Actor | DAN         | TORN         |
| Actor | BOB         | FAWCETT      |
| Actor | LUCILLE     | TRACY        |
| Actor | KIRSTEN     | PALTROW      |
| Actor | ELVIS       | MARX         |
| Actor | SANDRA      | KILMER       |
| Actor | CAMERON     | STREEP       |
| Actor | KEVIN       | BLOOM        |
| Actor | RIP         | CRAWFORD     |
| Actor | JULIA       | MCQUEEN      |
| Actor | WOODY       | HOFFMAN      |
| Actor | ALEC        | WAYNE        |
| Actor | SANDRA      | PECK         |
| Actor | SISSY       | SOBIESKI     |
| Actor | TIM         | HACKMAN      |
| Actor | MILLA       | PECK         |
| Actor | AUDREY      | OLIVIER      |
| Actor | JUDY        | DEAN         |
| Actor | BURT        | DUKAKIS      |
| Actor | VAL         | BOLGER       |
| Actor | TOM         | MCKELLEN     |
| Actor | GOLDIE      | BRODY        |
| Actor | JOHNNY      | CAGE         |
| Actor | JODIE       | DEGENERES    |
| Actor | TOM         | MIRANDA      |
| Actor | KIRK        | JOVOVICH     |
| Actor | NICK        | STALLONE     |
| Actor | REESE       | KILMER       |
| Actor | PARKER      | GOLDBERG     |
| Actor | JULIA       | BARRYMORE    |
| Actor | FRANCES     | DAY-LEWIS    |
| Actor | ANNE        | CRONYN       |
| Actor | NATALIE     | HOPKINS      |
| Actor | GARY        | PHOENIX      |
| Actor | CARMEN      | HUNT         |
| Actor | MENA        | TEMPLE       |
| Actor | PENELOPE    | PINKETT      |
| Actor | FAY         | KILMER       |
| Actor | DAN         | HARRIS       |
| Actor | JUDE        | CRUISE       |
| Actor | CHRISTIAN   | AKROYD       |
| Actor | DUSTIN      | TAUTOU       |
| Actor | HENRY       | BERRY        |
| Actor | CHRISTIAN   | NEESON       |
| Actor | JAYNE       | NEESON       |
| Actor | CAMERON     | WRAY         |
| Actor | RAY         | JOHANSSON    |
| Actor | ANGELA      | HUDSON       |
| Actor | MARY        | TANDY        |
| Actor | JESSICA     | BAILEY       |
| Actor | RIP         | WINSLET      |
| Actor | KENNETH     | PALTROW      |
| Actor | MICHELLE    | MCCONAUGHEY  |
| Actor | ADAM        | GRANT        |
| Actor | SEAN        | WILLIAMS     |
| Actor | GARY        | PENN         |
| Actor | MILLA       | KEITEL       |
| Actor | BURT        | POSEY        |
| Actor | ANGELINA    | ASTAIRE      |
| Actor | CARY        | MCCONAUGHEY  |
| Actor | GROUCHO     | SINATRA      |
| Actor | MAE         | HOFFMAN      |
| Actor | RALPH       | CRUZ         |
| Actor | SCARLETT    | DAMON        |
| Actor | WOODY       | JOLIE        |
| Actor | BEN         | WILLIS       |
| Actor | JAMES       | PITT         |
| Actor | MINNIE      | ZELLWEGER    |
| Actor | GREG        | CHAPLIN      |
| Actor | SPENCER     | PECK         |
| Actor | KENNETH     | PESCI        |
| Actor | CHARLIZE    | DENCH        |
| Actor | SEAN        | GUINESS      |
| Actor | CHRISTOPHER | BERRY        |
| Actor | KIRSTEN     | AKROYD       |
| Actor | ELLEN       | PRESLEY      |
| Actor | KENNETH     | TORN         |
| Actor | DARYL       | WAHLBERG     |
| Actor | GENE        | WILLIS       |
| Actor | MEG         | HAWKE        |
| Actor | CHRIS       | BRIDGES      |
| Actor | JIM         | MOSTEL       |
| Actor | SPENCER     | DEPP         |
| Actor | SUSAN       | DAVIS        |
| Actor | WALTER      | TORN         |
| Actor | MATTHEW     | LEIGH        |
| Actor | PENELOPE    | CRONYN       |
| Actor | SIDNEY      | CROWE        |
| Actor | GROUCHO     | DUNST        |
| Actor | GINA        | DEGENERES    |
| Actor | WARREN      | NOLTE        |
| Actor | SYLVESTER   | DERN         |
| Actor | CAMERON     | ZELLWEGER    |
| Actor | RUSSELL     | BACALL       |
| Actor | MORGAN      | HOPKINS      |
| Actor | MORGAN      | MCDORMAND    |
| Actor | HARRISON    | BALE         |
| Actor | DAN         | STREEP       |
| Actor | RENEE       | TRACY        |
| Actor | CUBA        | ALLEN        |
| Actor | WARREN      | JACKMAN      |
| Actor | PENELOPE    | MONROE       |
| Actor | LIZA        | BERGMAN      |
| Actor | SALMA       | NOLTE        |
| Actor | JULIANNE    | DENCH        |
| Actor | SCARLETT    | BENING       |
| Actor | ALBERT      | NOLTE        |
| Actor | FRANCES     | TOMEI        |
| Actor | KEVIN       | GARLAND      |
| Actor | CATE        | MCQUEEN      |
| Actor | DARYL       | CRAWFORD     |
| Actor | GRETA       | KEITEL       |
| Actor | JANE        | JACKMAN      |
| Actor | ADAM        | HOPPER       |
| Actor | RICHARD     | PENN         |
| Actor | GENE        | HOPKINS      |
| Actor | RITA        | REYNOLDS     |
| Actor | ED          | MANSFIELD    |
| Actor | MORGAN      | WILLIAMS     |
| Actor | LUCILLE     | DEE          |
| Actor | EWAN        | GOODING      |
| Actor | WHOOPI      | HURT         |
| Actor | CATE        | HARRIS       |
| Actor | JADA        | RYDER        |
| Actor | RIVER       | DEAN         |
| Actor | ANGELA      | WITHERSPOON  |
| Actor | KIM         | ALLEN        |
| Actor | ALBERT      | JOHANSSON    |
| Actor | FAY         | WINSLET      |
| Actor | EMILY       | DEE          |
| Actor | RUSSELL     | TEMPLE       |
| Actor | JAYNE       | NOLTE        |
| Actor | GEOFFREY    | HESTON       |
| Actor | BEN         | HARRIS       |
| Actor | MINNIE      | KILMER       |
| Actor | MERYL       | GIBSON       |
| Actor | IAN         | TANDY        |
| Actor | FAY         | WOOD         |
| Actor | GRETA       | MALDEN       |
| Actor | VIVIEN      | BASINGER     |
| Actor | LAURA       | BRODY        |
| Actor | CHRIS       | DEPP         |
| Actor | HARVEY      | HOPE         |
| Actor | OPRAH       | KILMER       |
| Actor | CHRISTOPHER | WEST         |
| Actor | HUMPHREY    | WILLIS       |
| Actor | AL          | GARLAND      |
| Actor | NICK        | DEGENERES    |
| Actor | LAURENCE    | BULLOCK      |
| Actor | WILL        | WILSON       |
| Actor | KENNETH     | HOFFMAN      |
| Actor | MENA        | HOPPER       |
| Actor | OLYMPIA     | PFEIFFER     |
| Actor | GROUCHO     | WILLIAMS     |
| Actor | ALAN        | DREYFUSS     |
| Actor | MICHAEL     | BENING       |
| Actor | WILLIAM     | HACKMAN      |
| Actor | JON         | CHASE        |
| Actor | GENE        | MCKELLEN     |
| Actor | LISA        | MONROE       |
| Actor | ED          | GUINESS      |
| Actor | JEFF        | SILVERSTONE  |
| Actor | MATTHEW     | CARREY       |
| Actor | DEBBIE      | AKROYD       |
| Actor | RUSSELL     | CLOSE        |
| Actor | HUMPHREY    | GARLAND      |
| Actor | MICHAEL     | BOLGER       |
| Actor | JULIA       | ZELLWEGER    |
| Actor | RENEE       | BALL         |
| Actor | ROCK        | DUKAKIS      |
| Actor | CUBA        | BIRCH        |
| Actor | AUDREY      | BAILEY       |
| Actor | GREGORY     | GOODING      |
| Actor | JOHN        | SUVARI       |
| Actor | BURT        | TEMPLE       |
| Actor | MERYL       | ALLEN        |
| Actor | JAYNE       | SILVERSTONE  |
| Actor | BELA        | WALKEN       |
| Actor | REESE       | WEST         |
| Actor | MARY        | KEITEL       |
| Actor | JULIA       | FAWCETT      |
| Actor | THORA       | TEMPLE       |
| Staff | Mike        | Hillyer      |
| Staff | Jon         | Stephens     |
+-------+-------------+--------------+
201 rows in set (0.0009 sec)

 MySQL  localhost:3306  sakila  SQL > show tables ;
+----------------------------+
| Tables_in_sakila           |
+----------------------------+
| actor                      |
| actor_info                 |
| address                    |
| category                   |
| city                       |
| country                    |
| customer                   |
| customer_list              |
| film                       |
| film_actor                 |
| film_category              |
| film_list                  |
| inventory                  |
| language                   |
| nicer_but_slower_film_list |
| payment                    |
| rental                     |
| sales_by_film_category     |
| sales_by_store             |
| staff                      |
| staff_list                 |
| store                      |
+----------------------------+
22 rows in set (0.0005 sec)

 MySQL  localhost:3306  sakila  SQL > desc country
                                  ... ;
+-------------+----------------------+------+-----+-------------------+-----------------------------+
| Field       | Type                 | Null | Key | Default           | Extra                       |
+-------------+----------------------+------+-----+-------------------+-----------------------------+
| country_id  | smallint(5) unsigned | NO   | PRI | NULL              | auto_increment              |
| country     | varchar(50)          | NO   |     | NULL              |                             |
| last_update | timestamp            | NO   |     | CURRENT_TIMESTAMP | on update CURRENT_TIMESTAMP |
+-------------+----------------------+------+-----+-------------------+-----------------------------+
3 rows in set (0.0252 sec)

 MySQL  localhost:3306  sakila  SQL > desc city;
+-------------+----------------------+------+-----+-------------------+-----------------------------+
| Field       | Type                 | Null | Key | Default           | Extra                       |
+-------------+----------------------+------+-----+-------------------+-----------------------------+
| city_id     | smallint(5) unsigned | NO   | PRI | NULL              | auto_increment              |
| city        | varchar(50)          | NO   |     | NULL              |                             |
| country_id  | smallint(5) unsigned | NO   | MUL | NULL              |                             |
| last_update | timestamp            | NO   |     | CURRENT_TIMESTAMP | on update CURRENT_TIMESTAMP |
+-------------+----------------------+------+-----+-------------------+-----------------------------+
4 rows in set (0.0050 sec)

 MySQL  localhost:3306  sakila  SQL > select count(*) from country;
+----------+
| count(*) |
+----------+
|      109 |
+----------+
1 row in set (0.0003 sec)

 MySQL  localhost:3306  sakila  SQL > select count(*) from city;
+----------+
| count(*) |
+----------+
|      600 |
+----------+
1 row in set (0.0004 sec)

 MySQL  localhost:3306  sakila  SQL > (select 'city' from city limit 10) union (select 'country' from country limit 10);
+---------+
| city    |
+---------+
| city    |
| country |
+---------+
2 rows in set (0.0005 sec)

 MySQL  localhost:3306  sakila  SQL > (select city from city limit 10) union (select country from country limit 10);
+--------------------+
| city               |
+--------------------+
| A Corua (La Corua) |
| Abha               |
| Abu Dhabi          |
| Acua               |
| Adana              |
| Addis Abeba        |
| Aden               |
| Adoni              |
| Ahmadnagar         |
| Akishima           |
| Afghanistan        |
| Algeria            |
| American Samoa     |
| Angola             |
| Anguilla           |
| Argentina          |
| Armenia            |
| Australia          |
| Austria            |
| Azerbaijan         |
+--------------------+
20 rows in set (0.0004 sec)

 MySQL  localhost:3306  sakila  SQL > (select city from city limit 10) union (select country from country limit 10)
                                  ... order by city;
+--------------------+
| city               |
+--------------------+
| A Corua (La Corua) |
| Abha               |
| Abu Dhabi          |
| Acua               |
| Adana              |
| Addis Abeba        |
| Aden               |
| Adoni              |
| Afghanistan        |
| Ahmadnagar         |
| Akishima           |
| Algeria            |
| American Samoa     |
| Angola             |
| Anguilla           |
| Argentina          |
| Armenia            |
| Australia          |
| Austria            |
| Azerbaijan         |
+--------------------+
20 rows in set (0.0005 sec)

 MySQL  localhost:3306  sakila  SQL > (select 'Actor' as tabla,first_name,last_name from actor) union (select 'Staff' as tabla,first_name,last_name from staff) order by last_name;
+-------+-------------+--------------+
| tabla | first_name  | last_name    |
+-------+-------------+--------------+
| Actor | CHRISTIAN   | AKROYD       |
| Actor | KIRSTEN     | AKROYD       |
| Actor | DEBBIE      | AKROYD       |
| Actor | MERYL       | ALLEN        |
| Actor | KIM         | ALLEN        |
| Actor | CUBA        | ALLEN        |
| Actor | ANGELINA    | ASTAIRE      |
| Actor | RUSSELL     | BACALL       |
| Actor | JESSICA     | BAILEY       |
| Actor | AUDREY      | BAILEY       |
| Actor | HARRISON    | BALE         |
| Actor | RENEE       | BALL         |
| Actor | JULIA       | BARRYMORE    |
| Actor | VIVIEN      | BASINGER     |
| Actor | MICHAEL     | BENING       |
| Actor | SCARLETT    | BENING       |
| Actor | VIVIEN      | BERGEN       |
| Actor | LIZA        | BERGMAN      |
| Actor | KARL        | BERRY        |
| Actor | CHRISTOPHER | BERRY        |
| Actor | HENRY       | BERRY        |
| Actor | CUBA        | BIRCH        |
| Actor | KEVIN       | BLOOM        |
| Actor | MICHAEL     | BOLGER       |
| Actor | VAL         | BOLGER       |
| Actor | CHRIS       | BRIDGES      |
| Actor | GOLDIE      | BRODY        |
| Actor | LAURA       | BRODY        |
| Actor | LAURENCE    | BULLOCK      |
| Actor | ZERO        | CAGE         |
| Actor | JOHNNY      | CAGE         |
| Actor | MATTHEW     | CARREY       |
| Actor | GREG        | CHAPLIN      |
| Actor | ED          | CHASE        |
| Actor | JON         | CHASE        |
| Actor | RUSSELL     | CLOSE        |
| Actor | FRED        | COSTNER      |
| Actor | RIP         | CRAWFORD     |
| Actor | DARYL       | CRAWFORD     |
| Actor | ANNE        | CRONYN       |
| Actor | PENELOPE    | CRONYN       |
| Actor | SIDNEY      | CROWE        |
| Actor | JUDE        | CRUISE       |
| Actor | RALPH       | CRUZ         |
| Actor | SCARLETT    | DAMON        |
| Actor | JENNIFER    | DAVIS        |
| Actor | SUSAN       | DAVIS        |
| Actor | FRANCES     | DAY-LEWIS    |
| Actor | JUDY        | DEAN         |
| Actor | RIVER       | DEAN         |
| Actor | EMILY       | DEE          |
| Actor | LUCILLE     | DEE          |
| Actor | GINA        | DEGENERES    |
| Actor | NICK        | DEGENERES    |
| Actor | JODIE       | DEGENERES    |
| Actor | CHARLIZE    | DENCH        |
| Actor | JULIANNE    | DENCH        |
| Actor | SPENCER     | DEPP         |
| Actor | CHRIS       | DEPP         |
| Actor | SYLVESTER   | DERN         |
| Actor | ALAN        | DREYFUSS     |
| Actor | BURT        | DUKAKIS      |
| Actor | ROCK        | DUKAKIS      |
| Actor | GROUCHO     | DUNST        |
| Actor | JULIA       | FAWCETT      |
| Actor | BOB         | FAWCETT      |
| Actor | CHRISTIAN   | GABLE        |
| Actor | HUMPHREY    | GARLAND      |
| Actor | AL          | GARLAND      |
| Actor | KEVIN       | GARLAND      |
| Actor | MERYL       | GIBSON       |
| Actor | PARKER      | GOLDBERG     |
| Actor | GREGORY     | GOODING      |
| Actor | EWAN        | GOODING      |
| Actor | ADAM        | GRANT        |
| Actor | PENELOPE    | GUINESS      |
| Actor | SEAN        | GUINESS      |
| Actor | ED          | GUINESS      |
| Actor | WILLIAM     | HACKMAN      |
| Actor | TIM         | HACKMAN      |
| Actor | CATE        | HARRIS       |
| Actor | BEN         | HARRIS       |
| Actor | DAN         | HARRIS       |
| Actor | MEG         | HAWKE        |
| Actor | GEOFFREY    | HESTON       |
| Staff | Mike        | Hillyer      |
| Actor | MAE         | HOFFMAN      |
| Actor | WOODY       | HOFFMAN      |
| Actor | KENNETH     | HOFFMAN      |
| Actor | HARVEY      | HOPE         |
| Actor | GENE        | HOPKINS      |
| Actor | MORGAN      | HOPKINS      |
| Actor | NATALIE     | HOPKINS      |
| Actor | ADAM        | HOPPER       |
| Actor | MENA        | HOPPER       |
| Actor | ANGELA      | HUDSON       |
| Actor | CARMEN      | HUNT         |
| Actor | WHOOPI      | HURT         |
| Actor | WARREN      | JACKMAN      |
| Actor | JANE        | JACKMAN      |
| Actor | ALBERT      | JOHANSSON    |
| Actor | MATTHEW     | JOHANSSON    |
| Actor | RAY         | JOHANSSON    |
| Actor | WOODY       | JOLIE        |
| Actor | KIRK        | JOVOVICH     |
| Actor | GRETA       | KEITEL       |
| Actor | MARY        | KEITEL       |
| Actor | MILLA       | KEITEL       |
| Actor | OPRAH       | KILMER       |
| Actor | SANDRA      | KILMER       |
| Actor | FAY         | KILMER       |
| Actor | REESE       | KILMER       |
| Actor | MINNIE      | KILMER       |
| Actor | MATTHEW     | LEIGH        |
| Actor | JOHNNY      | LOLLOBRIGIDA |
| Actor | GRETA       | MALDEN       |
| Actor | ED          | MANSFIELD    |
| Actor | ELVIS       | MARX         |
| Actor | CARY        | MCCONAUGHEY  |
| Actor | MICHELLE    | MCCONAUGHEY  |
| Actor | MORGAN      | MCDORMAND    |
| Actor | GENE        | MCKELLEN     |
| Actor | TOM         | MCKELLEN     |
| Actor | JULIA       | MCQUEEN      |
| Actor | CATE        | MCQUEEN      |
| Actor | TOM         | MIRANDA      |
| Actor | PENELOPE    | MONROE       |
| Actor | LISA        | MONROE       |
| Actor | JIM         | MOSTEL       |
| Actor | GRACE       | MOSTEL       |
| Actor | CHRISTIAN   | NEESON       |
| Actor | JAYNE       | NEESON       |
| Actor | BETTE       | NICHOLSON    |
| Actor | WARREN      | NOLTE        |
| Actor | SALMA       | NOLTE        |
| Actor | ALBERT      | NOLTE        |
| Actor | JAYNE       | NOLTE        |
| Actor | AUDREY      | OLIVIER      |
| Actor | CUBA        | OLIVIER      |
| Actor | KENNETH     | PALTROW      |
| Actor | KIRSTEN     | PALTROW      |
| Actor | MILLA       | PECK         |
| Actor | SPENCER     | PECK         |
| Actor | SANDRA      | PECK         |
| Actor | RICHARD     | PENN         |
| Actor | GARY        | PENN         |
| Actor | KENNETH     | PESCI        |
| Actor | OLYMPIA     | PFEIFFER     |
| Actor | GARY        | PHOENIX      |
| Actor | PENELOPE    | PINKETT      |
| Actor | JAMES       | PITT         |
| Actor | BURT        | POSEY        |
| Actor | ELLEN       | PRESLEY      |
| Actor | RITA        | REYNOLDS     |
| Actor | JADA        | RYDER        |
| Actor | JAYNE       | SILVERSTONE  |
| Actor | JEFF        | SILVERSTONE  |
| Actor | GROUCHO     | SINATRA      |
| Actor | SISSY       | SOBIESKI     |
| Actor | NICK        | STALLONE     |
| Staff | Jon         | Stephens     |
| Actor | CAMERON     | STREEP       |
| Actor | DAN         | STREEP       |
| Actor | JOHN        | SUVARI       |
| Actor | JOE         | SWANK        |
| Actor | MARY        | TANDY        |
| Actor | IAN         | TANDY        |
| Actor | DUSTIN      | TAUTOU       |
| Actor | THORA       | TEMPLE       |
| Actor | RUSSELL     | TEMPLE       |
| Actor | MENA        | TEMPLE       |
| Actor | BURT        | TEMPLE       |
| Actor | FRANCES     | TOMEI        |
| Actor | WALTER      | TORN         |
| Actor | DAN         | TORN         |
| Actor | KENNETH     | TORN         |
| Actor | LUCILLE     | TRACY        |
| Actor | RENEE       | TRACY        |
| Actor | HELEN       | VOIGHT       |
| Actor | NICK        | WAHLBERG     |
| Actor | DARYL       | WAHLBERG     |
| Actor | BELA        | WALKEN       |
| Actor | ALEC        | WAYNE        |
| Actor | CHRISTOPHER | WEST         |
| Actor | REESE       | WEST         |
| Actor | GROUCHO     | WILLIAMS     |
| Actor | MORGAN      | WILLIAMS     |
| Actor | SEAN        | WILLIAMS     |
| Actor | HUMPHREY    | WILLIS       |
| Actor | BEN         | WILLIS       |
| Actor | GENE        | WILLIS       |
| Actor | WILL        | WILSON       |
| Actor | RIP         | WINSLET      |
| Actor | FAY         | WINSLET      |
| Actor | ANGELA      | WITHERSPOON  |
| Actor | UMA         | WOOD         |
| Actor | FAY         | WOOD         |
| Actor | CAMERON     | WRAY         |
| Actor | CAMERON     | ZELLWEGER    |
| Actor | JULIA       | ZELLWEGER    |
| Actor | MINNIE      | ZELLWEGER    |
+-------+-------------+--------------+
201 rows in set (0.0010 sec)

 MySQL  localhost:3306  sakila  SQL > show tables;
+----------------------------+
| Tables_in_sakila           |
+----------------------------+
| actor                      |
| actor_info                 |
| address                    |
| category                   |
| city                       |
| country                    |
| customer                   |
| customer_list              |
| film                       |
| film_actor                 |
| film_category              |
| film_list                  |
| inventory                  |
| language                   |
| nicer_but_slower_film_list |
| payment                    |
| rental                     |
| sales_by_film_category     |
| sales_by_store             |
| staff                      |
| staff_list                 |
| store                      |
+----------------------------+
22 rows in set (0.0006 sec)

 MySQL  localhost:3306  sakila  SQL > select first_name,last_name from actor;
+-------------+--------------+
| first_name  | last_name    |
+-------------+--------------+
| PENELOPE    | GUINESS      |
| NICK        | WAHLBERG     |
| ED          | CHASE        |
| JENNIFER    | DAVIS        |
| JOHNNY      | LOLLOBRIGIDA |
| BETTE       | NICHOLSON    |
| GRACE       | MOSTEL       |
| MATTHEW     | JOHANSSON    |
| JOE         | SWANK        |
| CHRISTIAN   | GABLE        |
| ZERO        | CAGE         |
| KARL        | BERRY        |
| UMA         | WOOD         |
| VIVIEN      | BERGEN       |
| CUBA        | OLIVIER      |
| FRED        | COSTNER      |
| HELEN       | VOIGHT       |
| DAN         | TORN         |
| BOB         | FAWCETT      |
| LUCILLE     | TRACY        |
| KIRSTEN     | PALTROW      |
| ELVIS       | MARX         |
| SANDRA      | KILMER       |
| CAMERON     | STREEP       |
| KEVIN       | BLOOM        |
| RIP         | CRAWFORD     |
| JULIA       | MCQUEEN      |
| WOODY       | HOFFMAN      |
| ALEC        | WAYNE        |
| SANDRA      | PECK         |
| SISSY       | SOBIESKI     |
| TIM         | HACKMAN      |
| MILLA       | PECK         |
| AUDREY      | OLIVIER      |
| JUDY        | DEAN         |
| BURT        | DUKAKIS      |
| VAL         | BOLGER       |
| TOM         | MCKELLEN     |
| GOLDIE      | BRODY        |
| JOHNNY      | CAGE         |
| JODIE       | DEGENERES    |
| TOM         | MIRANDA      |
| KIRK        | JOVOVICH     |
| NICK        | STALLONE     |
| REESE       | KILMER       |
| PARKER      | GOLDBERG     |
| JULIA       | BARRYMORE    |
| FRANCES     | DAY-LEWIS    |
| ANNE        | CRONYN       |
| NATALIE     | HOPKINS      |
| GARY        | PHOENIX      |
| CARMEN      | HUNT         |
| MENA        | TEMPLE       |
| PENELOPE    | PINKETT      |
| FAY         | KILMER       |
| DAN         | HARRIS       |
| JUDE        | CRUISE       |
| CHRISTIAN   | AKROYD       |
| DUSTIN      | TAUTOU       |
| HENRY       | BERRY        |
| CHRISTIAN   | NEESON       |
| JAYNE       | NEESON       |
| CAMERON     | WRAY         |
| RAY         | JOHANSSON    |
| ANGELA      | HUDSON       |
| MARY        | TANDY        |
| JESSICA     | BAILEY       |
| RIP         | WINSLET      |
| KENNETH     | PALTROW      |
| MICHELLE    | MCCONAUGHEY  |
| ADAM        | GRANT        |
| SEAN        | WILLIAMS     |
| GARY        | PENN         |
| MILLA       | KEITEL       |
| BURT        | POSEY        |
| ANGELINA    | ASTAIRE      |
| CARY        | MCCONAUGHEY  |
| GROUCHO     | SINATRA      |
| MAE         | HOFFMAN      |
| RALPH       | CRUZ         |
| SCARLETT    | DAMON        |
| WOODY       | JOLIE        |
| BEN         | WILLIS       |
| JAMES       | PITT         |
| MINNIE      | ZELLWEGER    |
| GREG        | CHAPLIN      |
| SPENCER     | PECK         |
| KENNETH     | PESCI        |
| CHARLIZE    | DENCH        |
| SEAN        | GUINESS      |
| CHRISTOPHER | BERRY        |
| KIRSTEN     | AKROYD       |
| ELLEN       | PRESLEY      |
| KENNETH     | TORN         |
| DARYL       | WAHLBERG     |
| GENE        | WILLIS       |
| MEG         | HAWKE        |
| CHRIS       | BRIDGES      |
| JIM         | MOSTEL       |
| SPENCER     | DEPP         |
| SUSAN       | DAVIS        |
| WALTER      | TORN         |
| MATTHEW     | LEIGH        |
| PENELOPE    | CRONYN       |
| SIDNEY      | CROWE        |
| GROUCHO     | DUNST        |
| GINA        | DEGENERES    |
| WARREN      | NOLTE        |
| SYLVESTER   | DERN         |
| SUSAN       | DAVIS        |
| CAMERON     | ZELLWEGER    |
| RUSSELL     | BACALL       |
| MORGAN      | HOPKINS      |
| MORGAN      | MCDORMAND    |
| HARRISON    | BALE         |
| DAN         | STREEP       |
| RENEE       | TRACY        |
| CUBA        | ALLEN        |
| WARREN      | JACKMAN      |
| PENELOPE    | MONROE       |
| LIZA        | BERGMAN      |
| SALMA       | NOLTE        |
| JULIANNE    | DENCH        |
| SCARLETT    | BENING       |
| ALBERT      | NOLTE        |
| FRANCES     | TOMEI        |
| KEVIN       | GARLAND      |
| CATE        | MCQUEEN      |
| DARYL       | CRAWFORD     |
| GRETA       | KEITEL       |
| JANE        | JACKMAN      |
| ADAM        | HOPPER       |
| RICHARD     | PENN         |
| GENE        | HOPKINS      |
| RITA        | REYNOLDS     |
| ED          | MANSFIELD    |
| MORGAN      | WILLIAMS     |
| LUCILLE     | DEE          |
| EWAN        | GOODING      |
| WHOOPI      | HURT         |
| CATE        | HARRIS       |
| JADA        | RYDER        |
| RIVER       | DEAN         |
| ANGELA      | WITHERSPOON  |
| KIM         | ALLEN        |
| ALBERT      | JOHANSSON    |
| FAY         | WINSLET      |
| EMILY       | DEE          |
| RUSSELL     | TEMPLE       |
| JAYNE       | NOLTE        |
| GEOFFREY    | HESTON       |
| BEN         | HARRIS       |
| MINNIE      | KILMER       |
| MERYL       | GIBSON       |
| IAN         | TANDY        |
| FAY         | WOOD         |
| GRETA       | MALDEN       |
| VIVIEN      | BASINGER     |
| LAURA       | BRODY        |
| CHRIS       | DEPP         |
| HARVEY      | HOPE         |
| OPRAH       | KILMER       |
| CHRISTOPHER | WEST         |
| HUMPHREY    | WILLIS       |
| AL          | GARLAND      |
| NICK        | DEGENERES    |
| LAURENCE    | BULLOCK      |
| WILL        | WILSON       |
| KENNETH     | HOFFMAN      |
| MENA        | HOPPER       |
| OLYMPIA     | PFEIFFER     |
| GROUCHO     | WILLIAMS     |
| ALAN        | DREYFUSS     |
| MICHAEL     | BENING       |
| WILLIAM     | HACKMAN      |
| JON         | CHASE        |
| GENE        | MCKELLEN     |
| LISA        | MONROE       |
| ED          | GUINESS      |
| JEFF        | SILVERSTONE  |
| MATTHEW     | CARREY       |
| DEBBIE      | AKROYD       |
| RUSSELL     | CLOSE        |
| HUMPHREY    | GARLAND      |
| MICHAEL     | BOLGER       |
| JULIA       | ZELLWEGER    |
| RENEE       | BALL         |
| ROCK        | DUKAKIS      |
| CUBA        | BIRCH        |
| AUDREY      | BAILEY       |
| GREGORY     | GOODING      |
| JOHN        | SUVARI       |
| BURT        | TEMPLE       |
| MERYL       | ALLEN        |
| JAYNE       | SILVERSTONE  |
| BELA        | WALKEN       |
| REESE       | WEST         |
| MARY        | KEITEL       |
| JULIA       | FAWCETT      |
| THORA       | TEMPLE       |
+-------------+--------------+
200 rows in set (0.0004 sec)

 MySQL  localhost:3306  sakila  SQL > select first_name,last_name from actor where last_name = 'temple';
+------------+-----------+
| first_name | last_name |
+------------+-----------+
| MENA       | TEMPLE    |
| RUSSELL    | TEMPLE    |
| BURT       | TEMPLE    |
| THORA      | TEMPLE    |
+------------+-----------+
4 rows in set (0.0193 sec)

 MySQL  localhost:3306  sakila  SQL > select first_name,last_name from actor where last_name like 'w%';
+-------------+-------------+
| first_name  | last_name   |
+-------------+-------------+
| NICK        | WAHLBERG    |
| DARYL       | WAHLBERG    |
| BELA        | WALKEN      |
| ALEC        | WAYNE       |
| CHRISTOPHER | WEST        |
| REESE       | WEST        |
| SEAN        | WILLIAMS    |
| MORGAN      | WILLIAMS    |
| GROUCHO     | WILLIAMS    |
| BEN         | WILLIS      |
| GENE        | WILLIS      |
| HUMPHREY    | WILLIS      |
| WILL        | WILSON      |
| RIP         | WINSLET     |
| FAY         | WINSLET     |
| ANGELA      | WITHERSPOON |
| UMA         | WOOD        |
| FAY         | WOOD        |
| CAMERON     | WRAY        |
+-------------+-------------+
19 rows in set (0.0148 sec)

 MySQL  localhost:3306  sakila  SQL > select first_name,last_name from actor where last_name like '%a';
+------------+--------------+
| first_name | last_name    |
+------------+--------------+
| JOHNNY     | LOLLOBRIGIDA |
| TOM        | MIRANDA      |
| GROUCHO    | SINATRA      |
+------------+--------------+
3 rows in set (0.0004 sec)

 MySQL  localhost:3306  sakila  SQL > select first_name,last_name from actor where last_name like '%w%';
+-------------+-------------+
| first_name  | last_name   |
+-------------+-------------+
| NICK        | WAHLBERG    |
| JOE         | SWANK       |
| UMA         | WOOD        |
| BOB         | FAWCETT     |
| KIRSTEN     | PALTROW     |
| RIP         | CRAWFORD    |
| ALEC        | WAYNE       |
| FRANCES     | DAY-LEWIS   |
| CAMERON     | WRAY        |
| RIP         | WINSLET     |
| KENNETH     | PALTROW     |
| SEAN        | WILLIAMS    |
| BEN         | WILLIS      |
| MINNIE      | ZELLWEGER   |
| DARYL       | WAHLBERG    |
| GENE        | WILLIS      |
| MEG         | HAWKE       |
| SIDNEY      | CROWE       |
| CAMERON     | ZELLWEGER   |
| DARYL       | CRAWFORD    |
| MORGAN      | WILLIAMS    |
| ANGELA      | WITHERSPOON |
| FAY         | WINSLET     |
| FAY         | WOOD        |
| CHRISTOPHER | WEST        |
| HUMPHREY    | WILLIS      |
| WILL        | WILSON      |
| GROUCHO     | WILLIAMS    |
| JULIA       | ZELLWEGER   |
| BELA        | WALKEN      |
| REESE       | WEST        |
| JULIA       | FAWCETT     |
+-------------+-------------+
32 rows in set (0.0003 sec)

 MySQL  localhost:3306  sakila  SQL > select count(*) from actor where last_name like '%w%';
+----------+
| count(*) |
+----------+
|       32 |
+----------+
1 row in set (0.0004 sec)

 MySQL  localhost:3306  sakila  SQL >